region,mountain
new-england,Mount Snow
new-england,Smugglers Notch
new-england,Attitash
new-england,Wildcat Mountain
new-england,Loon Mountain
new-england,Ragged Mountain
new-england,Burke Mountain
new-england,Cranmore Mountain
new-england,Magic Mountain
new-england,Crotched Mountain
new-england,Mad River Glen
new-england,Mt Abram
new-england,Granite Gorge
new-england,Jay Peak
new-england,Sugarloaf
new-england,Bretton Woods
new-england,Jiminy Peak
new-england,Black Mountain NH 
new-england,Bousquet
new-england,Killington
new-england,Gunstock
new-england,Pico Mountain
new-england,Berkshire East Mountain Resort
new-england,Blue Hills
new-england,Camden Snow Bowl
new-england,Otis Ridge
new-england,Sugarbush
new-england,Stowe
new-england,Stowe Mountain XC
new-england,Okemo Mountain
new-england,Okemo Nordic Center
new-england,Jay Peak XC
new-england,Smugglers Notch XC
new-england,Bolton Valley XC
new-england,Wachusett
new-england,Mount Sunapee
new-england,Mount Southington
new-england,Shawnee Peak ME 
new-england,Quarry Road Trails
new-england,Jackson Cross Country
new-england,Pats Peak
new-england,Ski Butternut
new-england,Lost Valley
new-england,Whaleback
new-england,Catamount Outdoor Family Center
new-england,Yawgoo Valley
new-england,Cranwell Resort XC
new-england,Granite Gorge XC
new-england,Bretton Woods XC
new-england,Balsams Wilderness XC
new-england,Great Glen Trails XC
new-england,Craftsbury Outdoor Center XC
new-england,Weston Ski Track XC
new-england,Franconia XC
new-england,Ski Hearth Trails
new-england,The Quechee Club
new-england,Stump Sprouts XC
new-england,Northfield Mtn XC
new-england,New England Outdoor Center
new-england,Mountain Top XC
new-england,Notchview Reservation XC
new-england,Mountain Meadows XC
new-england,Winding Trails XC
new-england,Trapp Family Lodge XC
new-england,Ole s XC
new-england,Blueberry Lake XC
new-england,Morse Farm XC
new-england,Ski Blandford
new-england,Millstone XC
new-england,Smiling Hill Farm
new-england,Titcomb Mountain XC
new-england,Black Mountain of Maine XC
new-england,Canterbury Farm XC
new-england,Maine Huts and Trails
new-england,Waterville Valley XC
new-england,Gunstock XC
new-england,Dexters Inn Norsk XC
new-england,Grafton Ponds
new-england,Hildene
new-england,Maple Corner Farm XC
new-england,Highland Lodge XC
new-england,Sleepy Hollow Inn XC
new-england,Balsams Wilderness
new-england,Baker Mountain
new-england,Bethel Inn XC
new-england,Sunday River XC
new-england,Carters Oxford XC
new-england,Kingdom Trails XC
new-england,Pineland Farms XC
new-england,Storrs Hill
new-england,Timber Creek XC
new-england,Blueberry Hill XC
new-england,Arrowhead
new-england,New Hermon Mtn
new-england,Brattleboro Outing Club
new-england,Rikert Middlebury XC
new-england,Prospect Mountain XC
new-england,Titcomb Mountain
new-england,Mt Jefferson
new-england,Big Rock
new-england,Spruce Mountain
new-england,Powderhouse Hill
new-england,Harris Farm XC
new-england,Five Fields Farm XC
new-england,Viking Nordic XC
new-england,Strafford Nordic Center
new-england,Wild Wings XC
new-england,Windblown XC
new-england,Pine Hill XC
new-england,Rangeley Lakes XC
new-england,Woodstock XC
new-england,Carters Bethel XC
new-england,Middlebury College Snow Bowl
new-england,Bear Notch XC
new-england,Quechee Lakes
new-england,Hilltop Orchards XC
new-england,King Pine XC
new-england,Nordic Skier XC
new-england,Sugarloaf Outdoor XC
new-england,Nordic Heritage XC
new-england,Caribou Ski Trails XC
new-england,Mt Washington Valley Ski Touring
new-england,Big Squaw Mountain
new-england,Eastman XC
new-england,Hidden Valley Nature Center
new-england,Powder Ridge Park
new-england,Mohawk Mountain
new-england,Ski Sundown
new-england,Woodbury
new-england,Stratton
new-england,Sunday River
new-england,Waterville Valley
new-england,Bolton Valley
new-england,Bromley Mountain
new-england,King Pine
new-england,Suicide Six
new-england,Dartmouth Skiway
colorado,Arapahoe Basin
colorado,Winter Park
colorado,Ski Granby Ranch
colorado,Monarch Mountain
colorado,Echo Mountain
colorado,Purgatory Mountain
colorado,Loveland Ski Area
colorado,Beaver Creek
colorado,Keystone
colorado,Vail
colorado,Breckenridge
colorado,Eldora
colorado,Howelsen Hill Ski Area
colorado,Aspen Snowmass XC
colorado,Crested Butte XC
colorado,Steamboat XC
colorado,Vail Nordic Center
colorado,Powderhorn
colorado,Ski Cooper
colorado,Kendall Mountain
colorado,Ashcroft XC
colorado,CS Irwin Cat Skiing
colorado,Tennessee Pass XC
colorado,Gold Run XC
colorado,Snow Mountain XC
colorado,Vista Verde Ranch XC
colorado,Ski Hesperus
colorado,Wolf Creek
colorado,Grand Lake Touring Center
colorado,Devils Thumb Ranch
colorado,Copper Mountain
colorado,Sunlight Mountain
colorado,Telluride
colorado,Crested Butte
colorado,Steamboat
colorado,Aspen Mountain
colorado,Aspen Highlands
colorado,Snowmass
colorado,Buttermilk
utah,Solitude Mountain Resort
utah,Eagle Point
utah,Nordic Valley
utah,Ski City
utah,Park City
utah,Canyons Resort Now part of Park City 
utah,Sundance Nordic Center
utah,Powder Mountain
utah,Soldier Hollow XC
utah,Beaver Mountain
utah,Cherry Peak
utah,Snowbird
utah,Brighton
utah,Sundance Resort
utah,Alta
utah,Deer Valley
utah,Snowbasin
ny-nj-and-pa,Hunter Mountain
ny-nj-and-pa,Jack Frost
ny-nj-and-pa,Big Boulder
ny-nj-and-pa,West Mountain
ny-nj-and-pa,Blue Knob
ny-nj-and-pa,McCauley Mountain Ski Area
ny-nj-and-pa,Greek Peak
ny-nj-and-pa,Titus Mountain
ny-nj-and-pa,Bear Creek Mountain Resort
ny-nj-and-pa,Oak Mountain
ny-nj-and-pa,Plattekill Mountain
ny-nj-and-pa,Lapland Lake XC
ny-nj-and-pa,Toggenburg
ny-nj-and-pa,Four Seasons Golf and Ski Center
ny-nj-and-pa,Hunt Hollow
ny-nj-and-pa,Whiteface Lake Placid
ny-nj-and-pa,Belleayre
ny-nj-and-pa,Campgaw Mountain
ny-nj-and-pa,Willard Mountain
ny-nj-and-pa,Liberty Mountain
ny-nj-and-pa,Whitetail
ny-nj-and-pa,Kissing Bridge
ny-nj-and-pa,Snow Ridge
ny-nj-and-pa,Blue Mountain PA 
ny-nj-and-pa,Mount Peter
ny-nj-and-pa,Woods Valley
ny-nj-and-pa,Montage Mountain
ny-nj-and-pa,Maple Ski Ridge
ny-nj-and-pa,Song Mountain
ny-nj-and-pa,Labrador Mountain
ny-nj-and-pa,Seven Springs
ny-nj-and-pa,Salmon Hills XC
ny-nj-and-pa,The Hidden Valley Club Permanently Closed 
ny-nj-and-pa,Tuxedo Ridge CLOSED 
ny-nj-and-pa,Whitetail Resort
ny-nj-and-pa,Holiday Valley
ny-nj-and-pa,Thunder Ridge
ny-nj-and-pa,Camelback
ny-nj-and-pa,Dry Hill
ny-nj-and-pa,Buffalo Ski Club
ny-nj-and-pa,Crystal Lake XC
ny-nj-and-pa,Alpine Mountain
ny-nj-and-pa,Black River XC
ny-nj-and-pa,Osceola Tug Hill XC
ny-nj-and-pa,Pineridge XC
ny-nj-and-pa,Tree Haven Trails XC
ny-nj-and-pa,Holiday Mountain
ny-nj-and-pa,Starlight Lake XC
ny-nj-and-pa,Sawkill Family Ski Center
ny-nj-and-pa,Boyce Park
ny-nj-and-pa,Eagle Rock
ny-nj-and-pa,Big Tupper
ny-nj-and-pa,Cascade XC NY
ny-nj-and-pa,Olympic Sports Complex XC
ny-nj-and-pa,Garnet Hill Lodge XC
ny-nj-and-pa,High Point XC
ny-nj-and-pa,Ski Denton
ny-nj-and-pa,Tussey Mountain
ny-nj-and-pa,Hidden Valley
ny-nj-and-pa,Mount Pleasant
ny-nj-and-pa,Fahnestock Winter Park XC
ny-nj-and-pa,Elk Mountain
ny-nj-and-pa,Ski Sawmill
ny-nj-and-pa,Mystic Mountain at Nemacolin Woodlands
ny-nj-and-pa,Ski Big Bear
ny-nj-and-pa,Spring Mountain
ny-nj-and-pa,Cunninghams Ski Barn XC
ny-nj-and-pa,Mohonk Mt House XC
ny-nj-and-pa,Cockaigne
ny-nj-and-pa,Peek n Peak
ny-nj-and-pa,Friends Lake Inn and Nordic Ski Center
ny-nj-and-pa,Oak Hill Farms XC
ny-nj-and-pa,Mountain Trails XC
ny-nj-and-pa,Shawnee Mountain Ski Area PA 
ny-nj-and-pa,Gore Mountain
ny-nj-and-pa,Mountain Creek
california-central-and-southern,Mammoth Mountain
california-central-and-southern,Bear Mountain
california-central-and-southern,Snow Valley
california-central-and-southern,Mt Baldy
california-central-and-southern,June Mountain
california-central-and-southern,China Peak
california-central-and-southern,Snow Summit
california-central-and-southern,Mountain High
california-central-and-southern,Mulligan Family Fun Center Torrance
california-central-and-southern,Yosemite Ski Snowboard Area Formerly Badger Pass 
california-central-and-southern,Montecito Lake Resort
california-central-and-southern,Alta Sierra Ski Resort
california-central-and-southern,Tamarack Lodge Resort
california-central-and-southern,Yosemite XC
northern-rockies,Snowy Range
northern-rockies,Red Lodge Mountain
northern-rockies,Brundage
northern-rockies,Lookout Pass
northern-rockies,Bald Mountain Ski Area
northern-rockies,Grand Targhee
northern-rockies,Schweitzer Mountain
northern-rockies,Bogus Basin
northern-rockies,Moonlight Basin Now part of Big Sky Resort 
northern-rockies,Lost Trail
northern-rockies,Silver Mountain
northern-rockies,White Pine
northern-rockies,Grand Targhee XC
northern-rockies,Whitefish Mountain Resort
northern-rockies,Sun Valley XC
northern-rockies,Snow King
northern-rockies,Huff Hills
northern-rockies,Tamarack Resort
northern-rockies,Snowhaven
northern-rockies,Hogadon
northern-rockies,Meadowlark Ski Lodge
northern-rockies,Bottineau Winter Park
northern-rockies,Teton Pass Ski Resort
northern-rockies,Magic Mountain ID
northern-rockies,Pebble Creek
northern-rockies,Pomerelle
northern-rockies,Soldier Mountain
northern-rockies,Kelly Canyon
northern-rockies,Terry Peak
northern-rockies,Izaak Walton Inn XC
northern-rockies,North Valley Trails
northern-rockies,Bohart Ranch XC
northern-rockies,Lone Mountain Ranch XC
northern-rockies,Glacier Outdoor XC
northern-rockies,Maverick
northern-rockies,Montana Snowbowl
northern-rockies,Turner Mountain
northern-rockies,Blacktail Mountain
northern-rockies,Big Sky
northern-rockies,Jackson Hole
northern-rockies,Sun Valley
pacific-northwest,Mission Ridge
pacific-northwest,Mt Ashland
pacific-northwest,The Summit at Snoqualmie
pacific-northwest,Mt Spokane
pacific-northwest,Anthony Lakes
pacific-northwest,White Pass
pacific-northwest,Mt Hood Meadows
pacific-northwest,Hoodoo
pacific-northwest,Badger Mountain
pacific-northwest,Mt Bachelor
pacific-northwest,Stevens Pass
pacific-northwest,Timberline Lodge
pacific-northwest,Ski Bluewood
pacific-northwest,Methow Valley XC
pacific-northwest,Crystal Mountain WA
pacific-northwest,Loup Loup Ski Bowl
pacific-northwest,Hurricane Ridge
pacific-northwest,Mt Baker
pacific-northwest,Cooper Spur
pacific-northwest,Stevens Pass XC
pacific-northwest,Mt Hood Skibowl
pacific-northwest,Willamette Pass
pacific-northwest,Spout Springs
pacific-northwest,Warner Canyon
pacific-northwest,49 Degrees North
mid-atlantic,Wintergreen Resort
mid-atlantic,Bryce Resort
mid-atlantic,Canaan Valley
mid-atlantic,The Omni Homestead Ski Resort
mid-atlantic,Wisp Resort
mid-atlantic,Timberline Four Seasons Resort
mid-atlantic,Snowshoe Mountain
mid-atlantic,Winterplace
mid-atlantic,Massanutten
mid-atlantic,White Grass XC
mid-atlantic,Oglebay Resort
mid-atlantic,Liberty Mountain Snowflex
southwest,Red River Ski and Snowboard Area
southwest,Ski Apache
southwest,Taos Ski Valley
southwest,Arizona Snowbowl
southwest,Angel Fire
southwest,Elk Ridge
southwest,Sipapu
southwest,Mt Lemmon Ski Valley
southwest,Flagstaff Nordic Center
southwest,Pajarito
southwest,Enchanted Forest XC
southwest,Angel Fire Nordic Center
alaska,Arctic Valley
alaska,Alyeska
eastern-canada,Bromont montagne d exp√©riences
eastern-canada,Mont Blanc
eastern-canada,Ski Montcalm
eastern-canada,Ski Dans L Est
eastern-canada,Ski Garceau
eastern-canada,Mont Sutton
eastern-canada,Mont Orford
eastern-canada,Owl s Head
eastern-canada,Ski Saint Bruno
eastern-canada,Crabbe Mountain
eastern-canada,Massif du Sud
eastern-canada,Le Massif
eastern-canada,Stoneham Mountain Resort
eastern-canada,Station Mont Sainte Anne XC
eastern-canada,Tremblant XC
eastern-canada,Gatineau Park XC
eastern-canada,Camp Mercier XC
eastern-canada,Edelweiss Valley
eastern-canada,Mont Habitant
eastern-canada,Station Duchesnay XC
eastern-canada,Ski La Reserve
eastern-canada,Mont Ste Marie
eastern-canada,Vorlage
eastern-canada,Mont Gleason
eastern-canada,Parc National Gaspesie XC
eastern-canada,Mont Olympia
eastern-canada,Mont Avila
eastern-canada,Martock
eastern-canada,Blow Me Down XC
eastern-canada,Parc National Mont Tremblant XC
eastern-canada,Mont Rigaud
eastern-canada,Mont Gabriel
eastern-canada,Sommet Saint Sauveur
eastern-canada,Val D Irene
eastern-canada,Ski Morin Heights
eastern-canada,Parc National Mont Orford XC
eastern-canada,Mont Belu
eastern-canada,Ben Eoin
eastern-canada,Tremblant
central-canada,Ski Snow Valley
central-canada,Hockley Valley
central-canada,Loch Lomond
central-canada,Horseshoe Resort
central-canada,Holiday Mountain Manitoba
central-canada,Mount Pakenham
central-canada,Batawa Ski Hill
central-canada,Hidden Valley Highlands
central-canada,Sir Sam s
central-canada,Chicopee Tube Park
central-canada,Stony Mountain
central-canada,Laurentian Ski Hill
central-canada,Mission Ridge Winter Park
central-canada,Chicopee Ski Summer Resort
central-canada,Horseshoe Resort XC
central-canada,Mt Pakenham XC
central-canada,Earl Bales Ski Centre
central-canada,Uplands
central-canada,Hardwood Ski and Bike
central-canada,Dagmar Ski Resort XC
central-canada,Highland s XC
central-canada,Mansfield Outdoor Centre XC
central-canada,Dagmar Ski Resort
central-canada,Lakeridge Ski Resort
central-canada,Oshawa Ski Club
central-canada,Hardwood Ski XC
central-canada,Radcliffe Hills
central-canada,Scenic Caves Nordic
central-canada,London Ski Club
central-canada,Talisman Resort
central-canada,Skyloft Ski Club
central-canada,Centennial Park
central-canada,Duck Mountain
central-canada,Searchmont XC
central-canada,Falcon Ridge
central-canada,Devils Elbow
central-canada,Asessippi Ski Area
central-canada,Arrowhead Provincial Park
central-canada,Mountain View
central-canada,Pine Ridge
central-canada,Searchmont Resort
western-canada,Cypress Mountain
western-canada,Mt Seymour
western-canada,Marmot Basin
western-canada,Red Mountain Resort
western-canada,Sunridge Ski Area
western-canada,Castle Mountain Resort
western-canada,Sea to Sky Gondola
western-canada,Kicking Horse
western-canada,Fernie Alpine
western-canada,Mount Washington
western-canada,Kimberley
western-canada,Forged Axe Throwing
western-canada,Pass Powderkeg
western-canada,Discover Banff Tours
western-canada,Mt Timothy
western-canada,Manning Park Resort
western-canada,Silver Star
western-canada,Apex Mountain
western-canada,Snow Valley Edmonton
western-canada,Eagle Pass Heliski
western-canada,Whistler XC
western-canada,Panorama Mountain Resort
western-canada,Hudson Bay Mountain Resort
western-canada,Ziptrek Ecotours
western-canada,Sovereign Lake Nordic Centre
western-canada,Strathcona Wilderness Centre XC
western-canada,Canada Olympic Park
western-canada,Canyon Ski Area
western-canada,Callaghan XC
western-canada,Canmore Provincial Park XC
western-canada,Crystal Mountain BC
western-canada,Fairmont Hot Springs
western-canada,Hemlock Resort
western-canada,Murray Ridge
western-canada,Powder King
western-canada,TLH Heliskiing
western-canada,Last Frontier Heli Bell 2
western-canada,Last Frontier Heli Ripley Creek
western-canada,Silver Summit
western-canada,Whistler Lost Lake XC
western-canada,Sun Peaks Resort
western-canada,Banff Mt Norquay
western-canada,Revelstoke Mountain Resort
western-canada,Rabbit Hill
western-canada,Lake Louise Ski Resort
western-canada,Banff Sunshine
western-canada,Grouse Mountain
western-canada,Nakiska Ski Area
western-canada,Whistler Blackcomb
western-canada,Whitewater
chile,La Parva
chile,Valle Nevado
chile,Chapa Verde
chile,El Colorado Farellones
chile,Portillo
chile,Termas de Chillan
new-zealand,Rainbow Ski Area
new-zealand,Mt Ruapehu
new-zealand,Craigieburn
new-zealand,Mt Lyford
new-zealand,Mt Dobson
new-zealand,Hanmer Springs
new-zealand,Cardrona Alpine Resort
new-zealand,The Remarkables
new-zealand,Ohau Snow Fields
new-zealand,Mt Olympus
new-zealand,Broken River
new-zealand,Temple Basin
new-zealand,Porters Ski Area
new-zealand,Coronet Peak
new-zealand,Snow Park
new-zealand,Fox Peak
new-zealand,Round Hill
new-zealand,Manganui
new-zealand,Alpure Peaks Snowcat
new-zealand,Whakapapa
new-zealand,Turoa Ski Resort
new-zealand,Snow Farm
switzerland,Arosa Lenzerheide
switzerland,Lenzerheide
switzerland,Skigebiet Ginals Unterb√§ch
switzerland,Engelberg Titlis
switzerland,Saas Fee
switzerland,Braunwald
switzerland,Flumserberg
switzerland,Lenk Simmental
switzerland,Thyon
switzerland,Aletschgebiet
switzerland,Evolene
switzerland,Grachen
switzerland,Grimentz Anniviers
switzerland,Kandersteg
switzerland,Savognin
switzerland,Scuol
switzerland,Sedrun
switzerland,Adelboden Lenk
switzerland,Portes du Soleil
switzerland,Davos
switzerland,Disentis Sedrun
switzerland,Gstaad
switzerland,Klosters Gotschune Parsenn Madrisa
switzerland,Laax
switzerland,Les Diablerets
switzerland,Leysin
switzerland,Meiringen Hasliberg
switzerland,Samnaun
switzerland,Engadin St Moritz Mountains
switzerland,Villars
switzerland,Zermatt
switzerland,Wengen
switzerland,Crans Montana
switzerland,Leukerbad
switzerland,Verbier Val de Bagnes
switzerland,4 Valles Mont Fort
switzerland,Aeschi
switzerland,Alt St Johann Toggenburg
switzerland,Amden
switzerland,Anzere
switzerland,Arolla
switzerland,Atzmannig Goldingen
switzerland,Avers
switzerland,Balmberg
switzerland,Beatenberg
switzerland,Beckenried Klewenalp
switzerland,Belalp Blatten Naters
switzerland,Bellwald
switzerland,Bergan Bravuogn
switzerland,Bettmeralp
switzerland,Bever
switzerland,Bivio
switzerland,Boltigen
switzerland,Super St Bernard
switzerland,Brienz Axalp
switzerland,Brig
switzerland,Brigels Breil
switzerland,Brunni Haggenegg Mythen 
switzerland,Bruson et Val de Bagnes
switzerland,Bulle La Chia
switzerland,Bumbach Schangnau
switzerland,Barchen Tarbel
switzerland,Caux
switzerland,Celerina
switzerland,Champex Lac
switzerland,Charmey
switzerland,Chur
switzerland,Dallenwil Wirzweli
switzerland,Degersheim
switzerland,Dent de Vaulion
switzerland,Diemtigtal Grimmialp
switzerland,Diemtigtal Springenboden
switzerland,Diemtigtal Wiriehorn
switzerland,Ebenalp Appenzellerland
switzerland,Ebnat Kappel Toggenburg
switzerland,Eigenthal
switzerland,Einsiedeln
switzerland,Eischoll
switzerland,Elm
switzerland,Eriz
switzerland,Fideris
switzerland,Fiesch
switzerland,Frutigen
switzerland,Gais Appenzellerland
switzerland,Gibloux Villarlod
switzerland,GiSWilarlialp
switzerland,Glacier des Diablerets BE
switzerland,Gurnigel
switzerland,Habkern
switzerland,Heiden Appenzellerland
switzerland,Hemberg
switzerland,Hoch Ybrig
switzerland,Jakobsbad Kronberg Appenzellerland
switzerland,Jaun
switzerland,Kandersteg Oeschinen Sunnbel
switzerland,Kiental
switzerland,Krummenau Wolzenalp Toggenburg
switzerland,La Berra La Roche
switzerland,La Fouly Val Ferret
switzerland,Langenbruck
switzerland,La Punt
switzerland,Lauterbrunnen
switzerland,Le Paquier Crat du Puy
switzerland,Les Breuleux
switzerland,Les Bugnenets Savagni√®res
switzerland,Les Crosets Portes du Soleil
switzerland,Les Genevez
switzerland,Les Maracottes Salvan
switzerland,Les Mosses
switzerland,Les Paccots
switzerland,Les Piades
switzerland,Latschental
switzerland,Lungern
switzerland,Madulain
switzerland,Malbun Steg FL
switzerland,Maloja
switzerland,Marbach
switzerland,Melchsee Frutt
switzerland,Mol√©son sur Gruy√®res
switzerland,Mollis
switzerland,Morgins
switzerland,Mythengebiet
switzerland,Nax
switzerland,Nendaz
switzerland,Oberheinzenberg Urmein
switzerland,Obersaxen
switzerland,Obertoggenburg Toggenburg
switzerland,Oberwil i S 
switzerland,Ottenleuebad
switzerland,Ovronnaz
switzerland,Pilatus
switzerland,Pizol Heidiland
switzerland,Pontresina
switzerland,Rathvel Chatel St Denis
switzerland,Reichenbach Faltschen
switzerland,Ricken
switzerland,Riederalp
switzerland,Riffenmatt
switzerland,Rigi
switzerland,Rothenthurm
switzerland,Rougemont
switzerland,Eywald
switzerland,Saastal
switzerland,Samedan
switzerland,San Bernardino
switzerland,Sarn Heinzenberg
switzerland,Sattel Hochstuckli
switzerland,Savagnires Bugnenets
switzerland,S chanf
switzerland,Schanried Saanenmaser
switzerland,Schwanden SigriSWil
switzerland,Schwarzenbahl Selital
switzerland,Schwarzsee
switzerland,Schwellbrunn Appenzellerland
switzerland,Schwyz Ibergeregg Mythen 
switzerland,Sils i E 
switzerland,Silvaplana
switzerland,Ski Gstaad
switzerland,Sarenberg
switzerland,Spl√ºgen
switzerland,St Antnien
switzerland,St Cergue
switzerland,Ste Croix Les Rasses
switzerland,St Luc Chandolin
switzerland,Stoos
switzerland,Hochwang
switzerland,Studen Unteriberg
switzerland,Torgon
switzerland,Tramelan
switzerland,Tschiertschen
switzerland,Tzoumaz Mayens de Riddes
switzerland,Unterwasser Toggenburg
switzerland,Val de Travers La Robella
switzerland,Valle de Joux Le Sentier
switzerland,Val Mastair
switzerland,Vals
switzerland,Vercorin
switzerland,Veysonnaz
switzerland,Vichres Liddes
switzerland,Wildhaus Toggenburg
switzerland,Zernez
switzerland,Zinal
switzerland,Zuoz
switzerland,Zweisimmen
switzerland,Zweisimmen St Stephan
switzerland,Airolo
switzerland,Bull Mountain
switzerland,Ch√¢teau d Oex
switzerland,Chandolin Anniviers
switzerland,Alpes Fribourgeoises
switzerland,Grindelwald Wengen
switzerland,Mythenregion
switzerland,M√ºrren Schilthorn
switzerland,Jungfrau
japan,Kiroro Hokkaido
japan,Minakami 9 Ski
japan,Niseko United
japan,Furano
japan,Shizukuishi
japan,Hakkaisan
japan,Mt Naeba Naeba
japan,Myoko Suginohara
japan,Shiga Kogen Yakebitaiyama
japan,Karuizawa
japan,Manza Onsen